TCTAGAGAAAGAAGGGACAGACTAGTCTAGAGAAAGAAGGGACAGACTAG,44%,44%,32%,12%,12%,50%,50%,1
TCTAGAGAAAGAAGGGACAGACTAGTCTAGAGAAAGACGAGATATACTAG,40%,44%,28%,16%,12%,50%,50%,1
TCTAGAGAAAGAAGGGACAGACTAGTAAGCCGTGCATAACGGAGGACTT,47%,37%,31%,16%,16%,50%,63%,1
TCTAGAGAAAGAAGGGACAGACTAGACAATTGGAGGAATAAGGTAAGCTT,40%,42%,30%,18%,10%,50%,50%,1
TCTAGAGAAAGAAGGGACAGACTAGTGTTTAACTTTAATAAGGAGATATA,32%,42%,24%,26%,8%,50%,38%,1
TCTAGAGAAAGAAGGGACAGACTAGAATTTCACACAGGAAACAGACCATG,42%,44%,24%,14%,18%,50%,50%,1
TCTAGAGAAAGAAGGGACAGACTAGTCTTAATCATGCGGAGGATCGTTTC,44%,32%,28%,24%,16%,50%,75%,1
TCTAGAGAAAGAAGGGACAGACTAGTTTAACTTTAAGAAGGAGATATACAT,33%,43%,24%,24%,10%,50%,50%,1
TCTAGAGAAAGACGAGATATACTAGTCTAGAGAAAGAAGGGACAGACTAG,40%,44%,28%,16%,12%,50%,50%,1
TCTAGAGAAAGACGAGATATACTAGTCTAGAGAAAGACGAGATATACTAG,36%,44%,24%,20%,12%,50%,50%,1
TCTAGAGAAAGACGAGATATACTAGTAAGCCGTGCATAACGGAGGACTT,43%,37%,27%,20%,16%,50%,63%,1
TCTAGAGAAAGACGAGATATACTAGACAATTGGAGGAATAAGGTAAGCTT,36%,42%,26%,22%,10%,50%,50%,1
TCTAGAGAAAGACGAGATATACTAGTGTTTAACTTTAATAAGGAGATATA,28%,42%,20%,30%,8%,50%,38%,1
TCTAGAGAAAGACGAGATATACTAGAATTTCACACAGGAAACAGACCATG,38%,44%,20%,18%,18%,50%,50%,1
TCTAGAGAAAGACGAGATATACTAGTCTTAATCATGCGGAGGATCGTTTC,40%,32%,24%,28%,16%,50%,75%,1
TCTAGAGAAAGACGAGATATACTAGTTTAACTTTAAGAAGGAGATATACAT,29%,43%,20%,27%,10%,50%,50%,1
TAAGCCGTGCATAACGGAGGACTTTCTAGAGAAAGAAGGGACAGACTAG,47%,37%,31%,16%,16%,63%,50%,1
TAAGCCGTGCATAACGGAGGACTTTCTAGAGAAAGACGAGATATACTAG,43%,37%,27%,20%,16%,63%,50%,1
TAAGCCGTGCATAACGGAGGACTTTAAGCCGTGCATAACGGAGGACTT,50%,29%,29%,21%,21%,63%,63%,1
TAAGCCGTGCATAACGGAGGACTTACAATTGGAGGAATAAGGTAAGCTT,43%,35%,29%,22%,14%,63%,50%,1
TAAGCCGTGCATAACGGAGGACTTTGTTTAACTTTAATAAGGAGATATA,35%,35%,22%,31%,12%,63%,38%,1
TAAGCCGTGCATAACGGAGGACTTAATTTCACACAGGAAACAGACCATG,45%,37%,22%,18%,22%,63%,50%,1
TAAGCCGTGCATAACGGAGGACTTTCTTAATCATGCGGAGGATCGTTTC,47%,24%,27%,29%,20%,63%,75%,1
TAAGCCGTGCATAACGGAGGACTTTTTAACTTTAAGAAGGAGATATACAT,36%,36%,22%,28%,14%,63%,50%,1
ACAATTGGAGGAATAAGGTAAGCTTTCTAGAGAAAGAAGGGACAGACTAG,40%,42%,30%,18%,10%,50%,50%,1
ACAATTGGAGGAATAAGGTAAGCTTTCTAGAGAAAGACGAGATATACTAG,36%,42%,26%,22%,10%,50%,50%,1
ACAATTGGAGGAATAAGGTAAGCTTTAAGCCGTGCATAACGGAGGACTT,43%,35%,29%,22%,14%,50%,63%,1
ACAATTGGAGGAATAAGGTAAGCTTACAATTGGAGGAATAAGGTAAGCTT,36%,40%,28%,24%,8%,50%,50%,1
ACAATTGGAGGAATAAGGTAAGCTTTGTTTAACTTTAATAAGGAGATATA,28%,40%,22%,32%,6%,50%,38%,1
ACAATTGGAGGAATAAGGTAAGCTTAATTTCACACAGGAAACAGACCATG,38%,42%,22%,20%,16%,50%,50%,1
ACAATTGGAGGAATAAGGTAAGCTTTCTTAATCATGCGGAGGATCGTTTC,40%,30%,26%,30%,14%,50%,75%,1
ACAATTGGAGGAATAAGGTAAGCTTTTTAACTTTAAGAAGGAGATATACAT,29%,41%,22%,29%,8%,50%,50%,1
TGTTTAACTTTAATAAGGAGATATATCTAGAGAAAGAAGGGACAGACTAG,32%,42%,24%,26%,8%,38%,50%,1
TGTTTAACTTTAATAAGGAGATATATCTAGAGAAAGACGAGATATACTAG,28%,42%,20%,30%,8%,38%,50%,1
TGTTTAACTTTAATAAGGAGATATATAAGCCGTGCATAACGGAGGACTT,35%,35%,22%,31%,12%,38%,63%,1
TGTTTAACTTTAATAAGGAGATATAACAATTGGAGGAATAAGGTAAGCTT,28%,40%,22%,32%,6%,38%,50%,1
TGTTTAACTTTAATAAGGAGATATATGTTTAACTTTAATAAGGAGATATA,20%,40%,16%,40%,4%,38%,38%,1
TGTTTAACTTTAATAAGGAGATATAAATTTCACACAGGAAACAGACCATG,30%,42%,16%,28%,14%,38%,50%,1
TGTTTAACTTTAATAAGGAGATATATCTTAATCATGCGGAGGATCGTTTC,32%,30%,20%,38%,12%,38%,75%,1
TGTTTAACTTTAATAAGGAGATATATTTAACTTTAAGAAGGAGATATACAT,22%,41%,16%,37%,6%,38%,50%,1
AATTTCACACAGGAAACAGACCATGTCTAGAGAAAGAAGGGACAGACTAG,42%,44%,24%,14%,18%,50%,50%,1
AATTTCACACAGGAAACAGACCATGTCTAGAGAAAGACGAGATATACTAG,38%,44%,20%,18%,18%,50%,50%,1
AATTTCACACAGGAAACAGACCATGTAAGCCGTGCATAACGGAGGACTT,45%,37%,22%,18%,22%,50%,63%,1
AATTTCACACAGGAAACAGACCATGACAATTGGAGGAATAAGGTAAGCTT,38%,42%,22%,20%,16%,50%,50%,1
AATTTCACACAGGAAACAGACCATGTGTTTAACTTTAATAAGGAGATATA,30%,42%,16%,28%,14%,50%,38%,1
AATTTCACACAGGAAACAGACCATGAATTTCACACAGGAAACAGACCATG,40%,44%,16%,16%,24%,50%,50%,1
AATTTCACACAGGAAACAGACCATGTCTTAATCATGCGGAGGATCGTTTC,42%,32%,20%,26%,22%,50%,75%,1
AATTTCACACAGGAAACAGACCATGTTTAACTTTAAGAAGGAGATATACAT,31%,43%,16%,25%,16%,50%,50%,1
TCTTAATCATGCGGAGGATCGTTTCTCTAGAGAAAGAAGGGACAGACTAG,44%,32%,28%,24%,16%,75%,50%,1
TCTTAATCATGCGGAGGATCGTTTCTCTAGAGAAAGACGAGATATACTAG,40%,32%,24%,28%,16%,75%,50%,1
TCTTAATCATGCGGAGGATCGTTTCTAAGCCGTGCATAACGGAGGACTT,47%,24%,27%,29%,20%,75%,63%,1
TCTTAATCATGCGGAGGATCGTTTCACAATTGGAGGAATAAGGTAAGCTT,40%,30%,26%,30%,14%,75%,50%,1
TCTTAATCATGCGGAGGATCGTTTCTGTTTAACTTTAATAAGGAGATATA,32%,30%,20%,38%,12%,75%,38%,1
TCTTAATCATGCGGAGGATCGTTTCAATTTCACACAGGAAACAGACCATG,42%,32%,20%,26%,22%,75%,50%,1
TCTTAATCATGCGGAGGATCGTTTCTCTTAATCATGCGGAGGATCGTTTC,44%,20%,24%,36%,20%,75%,75%,1
TCTTAATCATGCGGAGGATCGTTTCTTTAACTTTAAGAAGGAGATATACAT,33%,31%,20%,35%,14%,75%,50%,1
TTTAACTTTAAGAAGGAGATATACATTCTAGAGAAAGAAGGGACAGACTAG,33%,43%,24%,24%,10%,50%,50%,1
TTTAACTTTAAGAAGGAGATATACATTCTAGAGAAAGACGAGATATACTAG,29%,43%,20%,27%,10%,50%,50%,1
TTTAACTTTAAGAAGGAGATATACATTAAGCCGTGCATAACGGAGGACTT,36%,36%,22%,28%,14%,50%,63%,1
TTTAACTTTAAGAAGGAGATATACATACAATTGGAGGAATAAGGTAAGCTT,29%,41%,22%,29%,8%,50%,50%,1
TTTAACTTTAAGAAGGAGATATACATTGTTTAACTTTAATAAGGAGATATA,22%,41%,16%,37%,6%,50%,38%,1
TTTAACTTTAAGAAGGAGATATACATAATTTCACACAGGAAACAGACCATG,31%,43%,16%,25%,16%,50%,50%,1
TTTAACTTTAAGAAGGAGATATACATTCTTAATCATGCGGAGGATCGTTTC,33%,31%,20%,35%,14%,50%,75%,1
TTTAACTTTAAGAAGGAGATATACATTTTAACTTTAAGAAGGAGATATACAT,23%,42%,15%,35%,8%,50%,50%,1
